{"num_filters": 100, "num_components": 20, "num_patches": 10000, "patch_size": 16, "lgn_width": 128, "lgn_p": 0.5244402200950152, "lgn_r": 3, "lgn_t": 8, "lgn_a": 0.1, "corr": 0.007631783301263567, "time": "Thu, 26 Sep 2024 15:23:34 GMT", "id": "0b37354b1096a47893aa"}