{"num_filters": 100, "num_components": 20, "num_patches": 10000, "patch_size": 16, "lgn_width": 128, "lgn_p": 0.2672201100475076, "lgn_r": 3, "lgn_t": 4, "lgn_a": 0.1, "corr": 0.04427776780403116, "time": "Thu, 26 Sep 2024 15:20:25 GMT", "id": "2acbf63e44dff4171ad9"}