{"num_filters": 200, "num_components": 20, "num_patches": 20000, "patch_size": 16, "lgn_width": 128, "lgn_p": 0.5244402200950152, "lgn_r": 3, "lgn_t": 8, "lgn_a": 0.1, "corr": 0.025836769822968137, "time": "Thu, 26 Sep 2024 16:10:45 GMT", "id": "4d018c80e8dfc6c54f67"}