{"num_filters": 200, "num_components": 20, "num_patches": 80000, "patch_size": 16, "lgn_width": 128, "lgn_p": 0.5244402200950152, "lgn_r": 3, "lgn_t": 8, "lgn_a": 0.1, "corr": 0.11143949429206525, "time": "Thu, 26 Sep 2024 16:50:12 GMT", "id": "87b4985dd273126a91bc"}