{"num_filters": 200, "num_components": 20, "num_patches": 10000, "patch_size": 16, "lgn_width": 128, "lgn_p": 0.4452955708496283, "lgn_r": 3, "lgn_t": 8, "lgn_a": 0.3, "corr": 0.28262526587986203, "time": "Thu, 26 Sep 2024 15:33:52 GMT", "id": "894b1e227e225ee4f6ee"}