{"num_filters": 200, "num_components": 20, "num_patches": 10000, "patch_size": 16, "lgn_width": 256, "lgn_p": 0.5244402200950152, "lgn_r": 3, "lgn_t": 8, "lgn_a": 0.1, "corr": 0.04290762562578023, "time": "Thu, 26 Sep 2024 15:53:18 GMT", "id": "9f72d6fd06d8e7e62988"}