{"num_filters": 100, "num_components": 20, "num_patches": 10000, "patch_size": 8, "lgn_width": 128, "lgn_p": 0.29937262380344604, "lgn_r": 2, "lgn_t": 2, "lgn_a": 0.1, "corr": 0.17506498126332762, "time": "Thu, 26 Sep 2024 14:54:51 GMT", "id": "a8f5d682d8cc5f636abb"}