{"num_filters": 200, "num_components": 20, "num_patches": 10000, "patch_size": 16, "lgn_width": 128, "lgn_p": 0.48157020175376397, "lgn_r": 3, "lgn_t": 8, "lgn_a": 0.2, "corr": 0.2777941544038958, "time": "Thu, 26 Sep 2024 15:39:03 GMT", "id": "ac3a92470c267d129cb0"}