{"num_filters": 100, "num_components": 20, "num_patches": 10000, "patch_size": 16, "lgn_width": 128, "lgn_p": 0.5244402200950152, "lgn_r": 3, "lgn_t": 8, "lgn_a": 0.1, "corr": 0.05533066476721749, "time": "Thu, 26 Sep 2024 15:07:00 GMT", "id": "af5020ddf7a1053c1fc3"}