{"num_filters": 200, "num_components": 20, "num_patches": 10000, "patch_size": 16, "lgn_width": 128, "lgn_p": 0.5244402200950152, "lgn_r": 3, "lgn_t": 8, "lgn_a": 0.1, "corr": 0.30986874930731595, "time": "Thu, 26 Sep 2024 15:27:32 GMT", "id": "caf07d8eaa84c9b5841b"}