{"num_filters": 100, "num_components": 20, "num_patches": 10000, "patch_size": 8, "lgn_width": 128, "lgn_p": 0.5244402200950152, "lgn_r": 3, "lgn_t": 8, "lgn_a": 0.1, "corr": 0.22619909496861937, "time": "Thu, 26 Sep 2024 14:57:49 GMT", "id": "f569e2161245678cd6d2"}